{"eval/loss": 0.23193359375, "eval/accuracy": 0.9205397301349325, "eval/precision": 0.8905160569067507, "eval/recall": 0.8787756573767548, "eval/f1": 0.8829515579672723, "eval/runtime": 16.5301, "eval/samples_per_second": 80.701, "eval/steps_per_second": 10.103, "train/global_step": 0, "_timestamp": 1713842319.0117247, "_runtime": 8.21870470046997, "_step": 0, "_wandb": {"runtime": 6}}