{"eval/loss": 0.23193359375, "eval/accuracy": 0.9205397301349325, "eval/precision": 0.8905160569067507, "eval/recall": 0.8787756573767548, "eval/f1": 0.8829515579672723, "eval/runtime": 14.9063, "eval/samples_per_second": 89.492, "eval/steps_per_second": 11.203, "train/global_step": 0, "_timestamp": 1713845241.8113399, "_runtime": 2.637053966522217, "_step": 0, "_wandb": {"runtime": 1}}