{"eval/loss": 0.228759765625, "eval/accuracy": 0.9250374812593704, "eval/precision": 0.8984283588572907, "eval/recall": 0.8799111891025788, "eval/f1": 0.888408578315659, "eval/runtime": 14.0423, "eval/samples_per_second": 94.998, "eval/steps_per_second": 11.893, "train/global_step": 0, "_timestamp": 1713855809.0489306, "_runtime": 2.619567632675171, "_step": 0, "_wandb": {"runtime": 1}}