{"eval/loss": 0.23193359375, "eval/accuracy": 0.9205397301349325, "eval/precision": 0.8905160569067507, "eval/recall": 0.8787756573767548, "eval/f1": 0.8829515579672723, "eval/runtime": 15.9271, "eval/samples_per_second": 83.757, "eval/steps_per_second": 10.485, "train/global_step": 0, "_timestamp": 1713843551.979465, "_runtime": 2.6892080307006836, "_step": 0, "_wandb": {"runtime": 1}}