{"eval/loss": 0.2629338502883911, "eval/accuracy": 0.9100449775112444, "eval/precision": 0.8663504656248464, "eval/recall": 0.8680999516523674, "eval/f1": 0.8668832653856767, "eval/runtime": 2.4907, "eval/samples_per_second": 535.587, "eval/steps_per_second": 2.409, "train/epoch": 15.0, "train/global_step": 5010, "_timestamp": 1713828216.7664592, "_runtime": 3050.2198181152344, "_step": 25, "train/loss": 0.2181, "train/grad_norm": 4.310719966888428, "train/learning_rate": 1.996007984031936e-07, "train_runtime": 3051.9626, "train_samples_per_second": 52.447, "train_steps_per_second": 1.642, "total_flos": 1880020441175040.0, "train_loss": 0.2919742632054997, "_wandb": {"runtime": 3049}}