{"eval/loss": 0.23193359375, "eval/accuracy": 0.9205397301349325, "eval/precision": 0.8905160569067507, "eval/recall": 0.8787756573767548, "eval/f1": 0.8829515579672723, "eval/runtime": 14.9251, "eval/samples_per_second": 89.38, "eval/steps_per_second": 11.189, "train/global_step": 0, "_timestamp": 1713845590.4739249, "_runtime": 2.5896568298339844, "_step": 0, "_wandb": {"runtime": 1}}