{"eval/loss": 0.23193359375, "eval/accuracy": 0.9205397301349325, "eval/precision": 0.8905160569067507, "eval/recall": 0.8787756573767548, "eval/f1": 0.8829515579672723, "eval/runtime": 15.0086, "eval/samples_per_second": 88.882, "eval/steps_per_second": 11.127, "train/global_step": 0, "_timestamp": 1713843451.080844, "_runtime": 2.457106828689575, "_step": 0, "_wandb": {"runtime": 1}}