{"eval/loss": 0.23193359375, "eval/accuracy": 0.9205397301349325, "eval/precision": 0.8905160569067507, "eval/recall": 0.8787756573767548, "eval/f1": 0.8829515579672723, "eval/runtime": 15.6232, "eval/samples_per_second": 85.386, "eval/steps_per_second": 10.689, "train/global_step": 0, "_timestamp": 1713843660.2593567, "_runtime": 2.5016207695007324, "_step": 0, "_wandb": {"runtime": 1}}