{"eval/loss": 0.228759765625, "eval/accuracy": 0.9250374812593704, "eval/precision": 0.8984283588572907, "eval/recall": 0.8799111891025788, "eval/f1": 0.888408578315659, "eval/runtime": 13.8707, "eval/samples_per_second": 96.174, "eval/steps_per_second": 12.04, "train/global_step": 0, "_timestamp": 1713850296.6325161, "_runtime": 3.5252890586853027, "_step": 0, "_wandb": {"runtime": 1}}