{"eval/loss": 0.2570675313472748, "eval/accuracy": 0.904047976011994, "eval/precision": 0.8549129042181898, "eval/recall": 0.8565021912991747, "eval/f1": 0.8556488118921171, "eval/runtime": 2.4349, "eval/samples_per_second": 547.874, "eval/steps_per_second": 2.464, "train/epoch": 20.0, "train/global_step": 6680, "_timestamp": 1713847388.8497999, "_runtime": 4208.329625844955, "_step": 33, "train/loss": 0.1971, "train/grad_norm": 3.501756191253662, "train/learning_rate": 2.6946107784431138e-06, "train_runtime": 4209.5532, "train_samples_per_second": 50.699, "train_steps_per_second": 1.587, "total_flos": 2507130061387776.0, "train_loss": 0.25758882111418036, "_wandb": {"runtime": 4208}}